<?xml version="1.0" encoding="UTF-8"?>
<project-private xmlns="http://www.netbeans.org/ns/project-private/1">
    <editor-bookmarks xmlns="http://www.netbeans.org/ns/editor-bookmarks/2" lastBookmarkId="0"/>
    <open-files xmlns="http://www.netbeans.org/ns/projectui-open-files/2">
        <group>
            <file>file:/C:/NETBEANS%20PROJECTS/DriverManagementSystem/src/drivermanagementsystem/DriverManagementSystem.java</file>
            <file>file:/C:/NETBEANS%20PROJECTS/DriverManagementSystem/src/DriverManagementSystem.java</file>
            <file>file:/C:/NETBEANS%20PROJECTS/DriverManagementSystem/src/DriverDashboard.java</file>
            <file>file:/C:/NETBEANS%20PROJECTS/DriverManagementSystem/src/AdminDashboard.java</file>
            <file>file:/C:/NETBEANS%20PROJECTS/DriverManagementSystem/src/AdminLogin.java</file>
            <file>file:/C:/NETBEANS%20PROJECTS/DriverManagementSystem/src/RenewPayment.java</file>
            <file>file:/C:/NETBEANS%20PROJECTS/DriverManagementSystem/src/DriverLogin.java</file>
            <file>file:/C:/NETBEANS%20PROJECTS/DriverManagementSystem/src/PendingRequests.java</file>
            <file>file:/C:/NETBEANS%20PROJECTS/DriverManagementSystem/src/AllDrivers.java</file>
            <file>file:/C:/NETBEANS%20PROJECTS/DriverManagementSystem/src/DeleteDriver.java</file>
            <file>file:/C:/NETBEANS%20PROJECTS/DriverManagementSystem/src/PaymentHistory.java</file>
            <file>file:/C:/NETBEANS%20PROJECTS/DriverManagementSystem/src/RegisterYourself.java</file>
            <file>file:/C:/NETBEANS%20PROJECTS/DriverManagementSystem/src/DriverManager.java</file>
            <file>file:/C:/NETBEANS%20PROJECTS/DriverManagementSystem/src/checkMYStatus.java</file>
            <file>file:/C:/NETBEANS%20PROJECTS/DriverManagementSystem/src/Driver.java</file>
            <file>file:/C:/NETBEANS%20PROJECTS/DriverManagementSystem/src/UpdateMyrecord.java</file>
        </group>
    </open-files>
</project-private>
